cPlWFYbBacW.w77uMi1KzOH,202412,WA1XAQBGdMl,400
cPlWFYbBacW.w77uMi1KzOH,202501,Ki3E4GNuj27,60
cPlWFYbBacW.w77uMi1KzOH,202410,ZCo6FKCwUZq,375
cPlWFYbBacW.w77uMi1KzOH,202411,a0qvQ3FrCD8,620
cPlWFYbBacW.w77uMi1KzOH,202410,a0qvQ3FrCD8,123
cPlWFYbBacW.w77uMi1KzOH,202409,Qwv7vHBFvMl,221
cPlWFYbBacW.w77uMi1KzOH,202501,ZmTIzgrOjed,443
cPlWFYbBacW.w77uMi1KzOH,202409,uGrCgcX6xGk,93
cPlWFYbBacW.w77uMi1KzOH,202408,Qwv7vHBFvMl,210
cPlWFYbBacW.w77uMi1KzOH,202409,axsQspqOdtO,163
cPlWFYbBacW.w77uMi1KzOH,202411,ZCo6FKCwUZq,400
cPlWFYbBacW.w77uMi1KzOH,202408,uGrCgcX6xGk,62
cPlWFYbBacW.w77uMi1KzOH,202411,yFrzItHccVH,36
cPlWFYbBacW.w77uMi1KzOH,202412,ZCo6FKCwUZq,582
cPlWFYbBacW.w77uMi1KzOH,202501,NTd90mu0tB5,95
cPlWFYbBacW.w77uMi1KzOH,202408,axsQspqOdtO,136
cPlWFYbBacW.w77uMi1KzOH,202410,yFrzItHccVH,64
cPlWFYbBacW.w77uMi1KzOH,202501,EjykHy5VeYP,401
cPlWFYbBacW.w77uMi1KzOH,202412,aMTxgqDmizK,260
cPlWFYbBacW.w77uMi1KzOH,202501,zVNsz4bH1Yw,68
cPlWFYbBacW.w77uMi1KzOH,202411,eDnVQzkzc3B,165
cPlWFYbBacW.w77uMi1KzOH,202412,yFrzItHccVH,48
cPlWFYbBacW.w77uMi1KzOH,202409,qZqNL79w8Zg,15
cPlWFYbBacW.w77uMi1KzOH,202408,qZqNL79w8Zg,11
cPlWFYbBacW.w77uMi1KzOH,202411,aMTxgqDmizK,182
cPlWFYbBacW.w77uMi1KzOH,202411,jZfUpRhqOQC,45
cPlWFYbBacW.w77uMi1KzOH,202410,eDnVQzkzc3B,85
cPlWFYbBacW.w77uMi1KzOH,202412,jZfUpRhqOQC,57
cPlWFYbBacW.w77uMi1KzOH,202410,Lj0cG3leIx7,359
cPlWFYbBacW.w77uMi1KzOH,202408,A4jMayEW5Ak,112
cPlWFYbBacW.w77uMi1KzOH,202412,Lj0cG3leIx7,189
cPlWFYbBacW.w77uMi1KzOH,202412,HrHLibwIUXR,113
cPlWFYbBacW.w77uMi1KzOH,202410,jZfUpRhqOQC,76
cPlWFYbBacW.w77uMi1KzOH,202411,HrHLibwIUXR,106
cPlWFYbBacW.w77uMi1KzOH,202411,WA1XAQBGdMl,242
cPlWFYbBacW.w77uMi1KzOH,202501,asspSN9u7oh,290
cPlWFYbBacW.w77uMi1KzOH,202410,WA1XAQBGdMl,332
cPlWFYbBacW.w77uMi1KzOH,202411,Lj0cG3leIx7,264
cPlWFYbBacW.w77uMi1KzOH,202410,HrHLibwIUXR,125
cPlWFYbBacW.w77uMi1KzOH,202412,Qwv7vHBFvMl,112
cPlWFYbBacW.w77uMi1KzOH,202409,ukwgBmzwpbF,78
cPlWFYbBacW.w77uMi1KzOH,202408,ukwgBmzwpbF,72
cPlWFYbBacW.w77uMi1KzOH,202409,mSjyGBo4Rqu,723
cPlWFYbBacW.w77uMi1KzOH,202410,vgM5avR9tJs,11
cPlWFYbBacW.w77uMi1KzOH,202501,A4jMayEW5Ak,267
cPlWFYbBacW.w77uMi1KzOH,202409,Ru5RPDkbVTR,706
cPlWFYbBacW.w77uMi1KzOH,202410,qZlDGlfVWm0,449
cPlWFYbBacW.w77uMi1KzOH,202410,Qwv7vHBFvMl,199
cPlWFYbBacW.w77uMi1KzOH,202408,mSjyGBo4Rqu,456
cPlWFYbBacW.w77uMi1KzOH,202411,Qwv7vHBFvMl,136
cPlWFYbBacW.w77uMi1KzOH,202411,qZlDGlfVWm0,444
cPlWFYbBacW.w77uMi1KzOH,202408,Ru5RPDkbVTR,463
cPlWFYbBacW.w77uMi1KzOH,202409,A4jMayEW5Ak,189
cPlWFYbBacW.w77uMi1KzOH,202411,fGgr17UV6Q6,315
cPlWFYbBacW.w77uMi1KzOH,202501,ukwgBmzwpbF,126
cPlWFYbBacW.w77uMi1KzOH,202410,fGgr17UV6Q6,402
cPlWFYbBacW.w77uMi1KzOH,202408,EjykHy5VeYP,285
cPlWFYbBacW.w77uMi1KzOH,202412,eDnVQzkzc3B,50
cPlWFYbBacW.w77uMi1KzOH,202409,EjykHy5VeYP,363
cPlWFYbBacW.w77uMi1KzOH,202412,vgM5avR9tJs,24
cPlWFYbBacW.w77uMi1KzOH,202412,qZlDGlfVWm0,325
cPlWFYbBacW.w77uMi1KzOH,202411,vgM5avR9tJs,96
cPlWFYbBacW.w77uMi1KzOH,202501,q7a1TH1APLe,366
cPlWFYbBacW.w77uMi1KzOH,202408,h1pTdChUk1h,300
cPlWFYbBacW.w77uMi1KzOH,202409,NTd90mu0tB5,79
cPlWFYbBacW.w77uMi1KzOH,202408,NTd90mu0tB5,49
cPlWFYbBacW.w77uMi1KzOH,202409,HrHLibwIUXR,164
cPlWFYbBacW.w77uMi1KzOH,202411,qZqNL79w8Zg,17
cPlWFYbBacW.w77uMi1KzOH,202408,aMTxgqDmizK,381
cPlWFYbBacW.w77uMi1KzOH,202412,qZqNL79w8Zg,9
cPlWFYbBacW.w77uMi1KzOH,202410,qZqNL79w8Zg,13
cPlWFYbBacW.w77uMi1KzOH,202408,jZfUpRhqOQC,57
cPlWFYbBacW.w77uMi1KzOH,202409,h1pTdChUk1h,100
cPlWFYbBacW.w77uMi1KzOH,202501,h1pTdChUk1h,292
cPlWFYbBacW.w77uMi1KzOH,202412,fGgr17UV6Q6,324
cPlWFYbBacW.w77uMi1KzOH,202409,jZfUpRhqOQC,98
cPlWFYbBacW.w77uMi1KzOH,202501,wmUX4Xf6mHU,6
cPlWFYbBacW.w77uMi1KzOH,202410,axsQspqOdtO,68
cPlWFYbBacW.w77uMi1KzOH,202409,aMTxgqDmizK,171
cPlWFYbBacW.w77uMi1KzOH,202501,wPsUQXK6ynT,135
cPlWFYbBacW.w77uMi1KzOH,202412,axsQspqOdtO,86
cPlWFYbBacW.w77uMi1KzOH,202408,ZCo6FKCwUZq,893
cPlWFYbBacW.w77uMi1KzOH,202408,wmUX4Xf6mHU,6
cPlWFYbBacW.w77uMi1KzOH,202409,ZCo6FKCwUZq,257
cPlWFYbBacW.w77uMi1KzOH,202411,axsQspqOdtO,88
cPlWFYbBacW.w77uMi1KzOH,202409,wmUX4Xf6mHU,231
cPlWFYbBacW.w77uMi1KzOH,202411,asspSN9u7oh,299
cPlWFYbBacW.w77uMi1KzOH,202410,KhOjFDcfVKc,36
cPlWFYbBacW.w77uMi1KzOH,202409,e0PROzXHXvb,116
cPlWFYbBacW.w77uMi1KzOH,202410,nuEpF1eboYN,327
cPlWFYbBacW.w77uMi1KzOH,202412,n8bwEHCpSB7,181
cPlWFYbBacW.w77uMi1KzOH,202409,I4BCLbgxYm4,197
cPlWFYbBacW.w77uMi1KzOH,202411,h1pTdChUk1h,146
cPlWFYbBacW.w77uMi1KzOH,202501,kIKjM5pMTat,378
cPlWFYbBacW.w77uMi1KzOH,202411,allzILkIelH,366
cPlWFYbBacW.w77uMi1KzOH,202410,n8bwEHCpSB7,251
cPlWFYbBacW.w77uMi1KzOH,202410,wmUX4Xf6mHU,96
cPlWFYbBacW.w77uMi1KzOH,202409,Ki3E4GNuj27,16
cPlWFYbBacW.w77uMi1KzOH,202412,IdRGPWFDsW3,135
cPlWFYbBacW.w77uMi1KzOH,202412,nuEpF1eboYN,260
cPlWFYbBacW.w77uMi1KzOH,202412,wmUX4Xf6mHU,7
cPlWFYbBacW.w77uMi1KzOH,202412,QkLdiZtukDS,182
cPlWFYbBacW.w77uMi1KzOH,202408,ZmTIzgrOjed,399
cPlWFYbBacW.w77uMi1KzOH,202411,A4jMayEW5Ak,177
cPlWFYbBacW.w77uMi1KzOH,202410,L9EJeHLBG1b,97
cPlWFYbBacW.w77uMi1KzOH,202410,I4BCLbgxYm4,176
cPlWFYbBacW.w77uMi1KzOH,202412,L9EJeHLBG1b,67
cPlWFYbBacW.w77uMi1KzOH,202410,IdRGPWFDsW3,93
cPlWFYbBacW.w77uMi1KzOH,202412,I4BCLbgxYm4,278
cPlWFYbBacW.w77uMi1KzOH,202409,zQJT13CmpDX,39
cPlWFYbBacW.w77uMi1KzOH,202408,asspSN9u7oh,451
cPlWFYbBacW.w77uMi1KzOH,202409,zVNsz4bH1Yw,26
cPlWFYbBacW.w77uMi1KzOH,202412,NTd90mu0tB5,52
cPlWFYbBacW.w77uMi1KzOH,202411,EjykHy5VeYP,179
cPlWFYbBacW.w77uMi1KzOH,202409,qZlDGlfVWm0,739
cPlWFYbBacW.w77uMi1KzOH,202408,yFrzItHccVH,62
cPlWFYbBacW.w77uMi1KzOH,202410,NTd90mu0tB5,72
cPlWFYbBacW.w77uMi1KzOH,202409,vgM5avR9tJs,178
cPlWFYbBacW.w77uMi1KzOH,202412,KhOjFDcfVKc,99
cPlWFYbBacW.w77uMi1KzOH,202410,zVNsz4bH1Yw,70
cPlWFYbBacW.w77uMi1KzOH,202408,xGgOmhpqPod,104
cPlWFYbBacW.w77uMi1KzOH,202412,zVNsz4bH1Yw,81
cPlWFYbBacW.w77uMi1KzOH,202411,wPsUQXK6ynT,161
cPlWFYbBacW.w77uMi1KzOH,202409,a0qvQ3FrCD8,697
cPlWFYbBacW.w77uMi1KzOH,202409,n8bwEHCpSB7,283
cPlWFYbBacW.w77uMi1KzOH,202501,G8avY4Gzra8,112
cPlWFYbBacW.w77uMi1KzOH,202501,Y1wbtycY0V8,430
cPlWFYbBacW.w77uMi1KzOH,202409,WA1XAQBGdMl,577
cPlWFYbBacW.w77uMi1KzOH,202501,zQJT13CmpDX,53
cPlWFYbBacW.w77uMi1KzOH,202410,sukHAdsaboL,84
cPlWFYbBacW.w77uMi1KzOH,202501,WA1XAQBGdMl,641
cPlWFYbBacW.w77uMi1KzOH,202501,Lj0cG3leIx7,486
cPlWFYbBacW.w77uMi1KzOH,202412,sukHAdsaboL,87
cPlWFYbBacW.w77uMi1KzOH,202408,fGgr17UV6Q6,390
cPlWFYbBacW.w77uMi1KzOH,202408,allzILkIelH,188
cPlWFYbBacW.w77uMi1KzOH,202409,Lj0cG3leIx7,280
cPlWFYbBacW.w77uMi1KzOH,202410,QkLdiZtukDS,282
cPlWFYbBacW.w77uMi1KzOH,202411,d53GHglMyJQ,127
cPlWFYbBacW.w77uMi1KzOH,202501,KK9ISvjjUvP,215
cPlWFYbBacW.w77uMi1KzOH,202412,t5FJlG1FrLF,155
cPlWFYbBacW.w77uMi1KzOH,202411,ukwgBmzwpbF,54
cPlWFYbBacW.w77uMi1KzOH,202412,Ru5RPDkbVTR,430
cPlWFYbBacW.w77uMi1KzOH,202408,ih3vU3AXadk,193
cPlWFYbBacW.w77uMi1KzOH,202501,UCxj6GArUJd,60
cPlWFYbBacW.w77uMi1KzOH,202408,eDnVQzkzc3B,125
cPlWFYbBacW.w77uMi1KzOH,202411,mSjyGBo4Rqu,412
cPlWFYbBacW.w77uMi1KzOH,202501,a0qvQ3FrCD8,901
cPlWFYbBacW.w77uMi1KzOH,202410,t5FJlG1FrLF,200
cPlWFYbBacW.w77uMi1KzOH,202501,IdRGPWFDsW3,116
cPlWFYbBacW.w77uMi1KzOH,202410,Ru5RPDkbVTR,483
cPlWFYbBacW.w77uMi1KzOH,202411,uGrCgcX6xGk,27
cPlWFYbBacW.w77uMi1KzOH,202409,IdRGPWFDsW3,85
cPlWFYbBacW.w77uMi1KzOH,202409,nuEpF1eboYN,286
cPlWFYbBacW.w77uMi1KzOH,202410,PotVOfmjlUJ,568
cPlWFYbBacW.w77uMi1KzOH,202408,IFuOOELukKp,72
cPlWFYbBacW.w77uMi1KzOH,202408,kIKjM5pMTat,286
cPlWFYbBacW.w77uMi1KzOH,202409,kIKjM5pMTat,279
cPlWFYbBacW.w77uMi1KzOH,202410,cwbUa0zHPEN,191
cPlWFYbBacW.w77uMi1KzOH,202409,les3bNZfpjr,438
cPlWFYbBacW.w77uMi1KzOH,202501,JtllB0zMEYx,227
cPlWFYbBacW.w77uMi1KzOH,202409,d53GHglMyJQ,190
cPlWFYbBacW.w77uMi1KzOH,202501,I4BCLbgxYm4,334
cPlWFYbBacW.w77uMi1KzOH,202410,EGS0saGNDoS,55
cPlWFYbBacW.w77uMi1KzOH,202412,xGgOmhpqPod,51
cPlWFYbBacW.w77uMi1KzOH,202411,xGgOmhpqPod,68
cPlWFYbBacW.w77uMi1KzOH,202412,eX0spkg9csY,229
cPlWFYbBacW.w77uMi1KzOH,202411,Hj3XAIel08A,194
cPlWFYbBacW.w77uMi1KzOH,202409,vxKshylcIW5,216
cPlWFYbBacW.w77uMi1KzOH,202411,GLeVzenn2ab,82
cPlWFYbBacW.w77uMi1KzOH,202412,Hj3XAIel08A,178
cPlWFYbBacW.w77uMi1KzOH,202411,eX0spkg9csY,197
cPlWFYbBacW.w77uMi1KzOH,202412,vpcUN6fhhfX,167
cPlWFYbBacW.w77uMi1KzOH,202412,GLeVzenn2ab,72
cPlWFYbBacW.w77uMi1KzOH,202501,vgM5avR9tJs,53
cPlWFYbBacW.w77uMi1KzOH,202408,eX0spkg9csY,233
cPlWFYbBacW.w77uMi1KzOH,202410,iGeBkKapn5s,442
cPlWFYbBacW.w77uMi1KzOH,202409,eX0spkg9csY,250
cPlWFYbBacW.w77uMi1KzOH,202408,Hj3XAIel08A,228
cPlWFYbBacW.w77uMi1KzOH,202408,G8avY4Gzra8,89
cPlWFYbBacW.w77uMi1KzOH,202409,Hj3XAIel08A,439
cPlWFYbBacW.w77uMi1KzOH,202411,H16bRPpldhI,137
cPlWFYbBacW.w77uMi1KzOH,202412,H16bRPpldhI,109
cPlWFYbBacW.w77uMi1KzOH,202408,Dc490tfhuoe,324
cPlWFYbBacW.w77uMi1KzOH,202411,iGeBkKapn5s,332
cPlWFYbBacW.w77uMi1KzOH,202408,PotVOfmjlUJ,502
cPlWFYbBacW.w77uMi1KzOH,202411,les3bNZfpjr,254
cPlWFYbBacW.w77uMi1KzOH,202410,q7a1TH1APLe,24
cPlWFYbBacW.w77uMi1KzOH,202501,hcQ7AQpFaRR,78
cPlWFYbBacW.w77uMi1KzOH,202501,PpgMAHSg9Oq,82
cPlWFYbBacW.w77uMi1KzOH,202412,JQe7pWZBruX,58
cPlWFYbBacW.w77uMi1KzOH,202411,q7a1TH1APLe,194
cPlWFYbBacW.w77uMi1KzOH,202408,MWcwkURjOjR,277
cPlWFYbBacW.w77uMi1KzOH,202409,MWcwkURjOjR,316
cPlWFYbBacW.w77uMi1KzOH,202410,Dc490tfhuoe,82
cPlWFYbBacW.w77uMi1KzOH,202410,ih3vU3AXadk,94
cPlWFYbBacW.w77uMi1KzOH,202501,Ru5RPDkbVTR,884
cPlWFYbBacW.w77uMi1KzOH,202410,K8ywGqSdgUL,103
cPlWFYbBacW.w77uMi1KzOH,202411,Dc490tfhuoe,197
cPlWFYbBacW.w77uMi1KzOH,202408,iGeBkKapn5s,377
cPlWFYbBacW.w77uMi1KzOH,202501,hgYuumviWXp,171
cPlWFYbBacW.w77uMi1KzOH,202412,les3bNZfpjr,247
cPlWFYbBacW.w77uMi1KzOH,202410,OcBiVEIEjO7,48
cPlWFYbBacW.w77uMi1KzOH,202412,KK9ISvjjUvP,183
cPlWFYbBacW.w77uMi1KzOH,202410,UCxj6GArUJd,23
cPlWFYbBacW.w77uMi1KzOH,202408,qb3sIWTdr3V,539
cPlWFYbBacW.w77uMi1KzOH,202409,qb3sIWTdr3V,554
cPlWFYbBacW.w77uMi1KzOH,202411,UCxj6GArUJd,10
cPlWFYbBacW.w77uMi1KzOH,202501,qb3sIWTdr3V,636
cPlWFYbBacW.w77uMi1KzOH,202409,JQe7pWZBruX,112
cPlWFYbBacW.w77uMi1KzOH,202408,q7a1TH1APLe,235
cPlWFYbBacW.w77uMi1KzOH,202408,iuJyZVwqpbD,119
cPlWFYbBacW.w77uMi1KzOH,202412,YYQm99dJJ7X,117
cPlWFYbBacW.w77uMi1KzOH,202410,e0PROzXHXvb,92
cPlWFYbBacW.w77uMi1KzOH,202411,e0PROzXHXvb,146
cPlWFYbBacW.w77uMi1KzOH,202501,Tw5pHPUbHpB,144
cPlWFYbBacW.w77uMi1KzOH,202409,H16bRPpldhI,265
cPlWFYbBacW.w77uMi1KzOH,202408,H16bRPpldhI,193
cPlWFYbBacW.w77uMi1KzOH,202412,allzILkIelH,260
cPlWFYbBacW.w77uMi1KzOH,202412,ZmTIzgrOjed,263
cPlWFYbBacW.w77uMi1KzOH,202412,zQJT13CmpDX,44
cPlWFYbBacW.w77uMi1KzOH,202411,ZmTIzgrOjed,311
cPlWFYbBacW.w77uMi1KzOH,202410,G8avY4Gzra8,74
cPlWFYbBacW.w77uMi1KzOH,202501,MWcwkURjOjR,165
cPlWFYbBacW.w77uMi1KzOH,202411,G8avY4Gzra8,64
cPlWFYbBacW.w77uMi1KzOH,202412,ZAIMQkZn08B,301
cPlWFYbBacW.w77uMi1KzOH,202501,TJnBh1U3GEs,295
cPlWFYbBacW.w77uMi1KzOH,202501,MnFD3y1T1GX,419
cPlWFYbBacW.w77uMi1KzOH,202411,LH6lsUoL8YL,311
cPlWFYbBacW.w77uMi1KzOH,202410,asspSN9u7oh,514
cPlWFYbBacW.w77uMi1KzOH,202501,d53GHglMyJQ,256
cPlWFYbBacW.w77uMi1KzOH,202411,nuEpF1eboYN,245
cPlWFYbBacW.w77uMi1KzOH,202412,wwBB7XKIgr8,91
cPlWFYbBacW.w77uMi1KzOH,202410,EjykHy5VeYP,277
cPlWFYbBacW.w77uMi1KzOH,202409,wPsUQXK6ynT,57
cPlWFYbBacW.w77uMi1KzOH,202411,n8bwEHCpSB7,211
cPlWFYbBacW.w77uMi1KzOH,202501,H16bRPpldhI,161
cPlWFYbBacW.w77uMi1KzOH,202408,I4BCLbgxYm4,307
cPlWFYbBacW.w77uMi1KzOH,202411,MWcwkURjOjR,173
cPlWFYbBacW.w77uMi1KzOH,202501,les3bNZfpjr,320
cPlWFYbBacW.w77uMi1KzOH,202410,cPDS7MOxcm9,164
cPlWFYbBacW.w77uMi1KzOH,202410,ScUEphF7XrR,251
cPlWFYbBacW.w77uMi1KzOH,202408,HrHLibwIUXR,199
cPlWFYbBacW.w77uMi1KzOH,202501,axsQspqOdtO,117
cPlWFYbBacW.w77uMi1KzOH,202409,ZmTIzgrOjed,612
cPlWFYbBacW.w77uMi1KzOH,202412,hcQ7AQpFaRR,85
cPlWFYbBacW.w77uMi1KzOH,202411,IdRGPWFDsW3,79
cPlWFYbBacW.w77uMi1KzOH,202410,A4jMayEW5Ak,258
cPlWFYbBacW.w77uMi1KzOH,202501,IKD1KqSlD7j,45
cPlWFYbBacW.w77uMi1KzOH,202501,Uzbi7NX6aVo,168
cPlWFYbBacW.w77uMi1KzOH,202411,I4BCLbgxYm4,231
cPlWFYbBacW.w77uMi1KzOH,202409,wwBB7XKIgr8,354
cPlWFYbBacW.w77uMi1KzOH,202411,NTd90mu0tB5,78
cPlWFYbBacW.w77uMi1KzOH,202409,PpgMAHSg9Oq,197
cPlWFYbBacW.w77uMi1KzOH,202501,Hj3XAIel08A,421
cPlWFYbBacW.w77uMi1KzOH,202501,eX0spkg9csY,313
cPlWFYbBacW.w77uMi1KzOH,202408,qZlDGlfVWm0,796
cPlWFYbBacW.w77uMi1KzOH,202411,Y1wbtycY0V8,239
cPlWFYbBacW.w77uMi1KzOH,202412,Ki3E4GNuj27,110
cPlWFYbBacW.w77uMi1KzOH,202412,AitdgAZ8GD5,231
cPlWFYbBacW.w77uMi1KzOH,202412,vxKshylcIW5,168
cPlWFYbBacW.w77uMi1KzOH,202409,GLeVzenn2ab,156
cPlWFYbBacW.w77uMi1KzOH,202412,G4fYKBYErXO,157
cPlWFYbBacW.w77uMi1KzOH,202409,xGgOmhpqPod,121
cPlWFYbBacW.w77uMi1KzOH,202411,qb3sIWTdr3V,420
cPlWFYbBacW.w77uMi1KzOH,202411,Tw5pHPUbHpB,76
cPlWFYbBacW.w77uMi1KzOH,202501,G4fYKBYErXO,149
cPlWFYbBacW.w77uMi1KzOH,202501,tlqVHieBeZo,27
cPlWFYbBacW.w77uMi1KzOH,202412,wPsUQXK6ynT,193
cPlWFYbBacW.w77uMi1KzOH,202501,qZqNL79w8Zg,14
cPlWFYbBacW.w77uMi1KzOH,202408,n8bwEHCpSB7,283
cPlWFYbBacW.w77uMi1KzOH,202410,iuJyZVwqpbD,1
cPlWFYbBacW.w77uMi1KzOH,202410,IFuOOELukKp,57
cPlWFYbBacW.w77uMi1KzOH,202409,A1BCmizFgwx,129
cPlWFYbBacW.w77uMi1KzOH,202501,A1BCmizFgwx,151
cPlWFYbBacW.w77uMi1KzOH,202409,G4fYKBYErXO,99
cPlWFYbBacW.w77uMi1KzOH,202408,LH6lsUoL8YL,980
cPlWFYbBacW.w77uMi1KzOH,202408,WA1XAQBGdMl,434
cPlWFYbBacW.w77uMi1KzOH,202410,d23vOh36Pqw,167
cPlWFYbBacW.w77uMi1KzOH,202408,Y1wbtycY0V8,264
cPlWFYbBacW.w77uMi1KzOH,202410,mSjyGBo4Rqu,246
cPlWFYbBacW.w77uMi1KzOH,202409,allzILkIelH,225
cPlWFYbBacW.w77uMi1KzOH,202412,h1pTdChUk1h,224
cPlWFYbBacW.w77uMi1KzOH,202412,d53GHglMyJQ,120
cPlWFYbBacW.w77uMi1KzOH,202412,ukwgBmzwpbF,68
cPlWFYbBacW.w77uMi1KzOH,202409,tlqVHieBeZo,78
cPlWFYbBacW.w77uMi1KzOH,202501,allzILkIelH,365
cPlWFYbBacW.w77uMi1KzOH,202411,Ru5RPDkbVTR,456
cPlWFYbBacW.w77uMi1KzOH,202411,kIKjM5pMTat,297
cPlWFYbBacW.w77uMi1KzOH,202410,LWoO0Z47tGZ,240
cPlWFYbBacW.w77uMi1KzOH,202408,e0PROzXHXvb,88
cPlWFYbBacW.w77uMi1KzOH,202408,nuEpF1eboYN,330
cPlWFYbBacW.w77uMi1KzOH,202408,IdRGPWFDsW3,199
cPlWFYbBacW.w77uMi1KzOH,202408,UCxj6GArUJd,87
cPlWFYbBacW.w77uMi1KzOH,202410,uGrCgcX6xGk,45
cPlWFYbBacW.w77uMi1KzOH,202412,hgYuumviWXp,186
cPlWFYbBacW.w77uMi1KzOH,202408,JXcyxGXlL9O,176
cPlWFYbBacW.w77uMi1KzOH,202409,JXcyxGXlL9O,254
cPlWFYbBacW.w77uMi1KzOH,202411,hgYuumviWXp,162
cPlWFYbBacW.w77uMi1KzOH,202412,IKD1KqSlD7j,116
cPlWFYbBacW.w77uMi1KzOH,202412,TJnBh1U3GEs,234
cPlWFYbBacW.w77uMi1KzOH,202411,IKD1KqSlD7j,15
cPlWFYbBacW.w77uMi1KzOH,202408,tpmeDcmWQWf,481
cPlWFYbBacW.w77uMi1KzOH,202410,IKD1KqSlD7j,18
cPlWFYbBacW.w77uMi1KzOH,202409,tpmeDcmWQWf,550
cPlWFYbBacW.w77uMi1KzOH,202409,LWoO0Z47tGZ,308
cPlWFYbBacW.w77uMi1KzOH,202410,TJnBh1U3GEs,20
cPlWFYbBacW.w77uMi1KzOH,202501,YYQm99dJJ7X,897
cPlWFYbBacW.w77uMi1KzOH,202501,bmKQdaXNX9E,351
cPlWFYbBacW.w77uMi1KzOH,202411,TJnBh1U3GEs,156
cPlWFYbBacW.w77uMi1KzOH,202408,LWoO0Z47tGZ,415
cPlWFYbBacW.w77uMi1KzOH,202411,MnFD3y1T1GX,172
cPlWFYbBacW.w77uMi1KzOH,202408,Uzbi7NX6aVo,298
cPlWFYbBacW.w77uMi1KzOH,202501,LH6lsUoL8YL,522
cPlWFYbBacW.w77uMi1KzOH,202409,IKD1KqSlD7j,63
cPlWFYbBacW.w77uMi1KzOH,202412,PpgMAHSg9Oq,100
cPlWFYbBacW.w77uMi1KzOH,202501,wwBB7XKIgr8,179
cPlWFYbBacW.w77uMi1KzOH,202408,IKD1KqSlD7j,54
cPlWFYbBacW.w77uMi1KzOH,202412,A1BCmizFgwx,64
cPlWFYbBacW.w77uMi1KzOH,202411,JXcyxGXlL9O,194
cPlWFYbBacW.w77uMi1KzOH,202409,Uzbi7NX6aVo,126
cPlWFYbBacW.w77uMi1KzOH,202412,JXcyxGXlL9O,191
cPlWFYbBacW.w77uMi1KzOH,202410,hgYuumviWXp,282
cPlWFYbBacW.w77uMi1KzOH,202501,cPDS7MOxcm9,151
cPlWFYbBacW.w77uMi1KzOH,202411,A1BCmizFgwx,135
cPlWFYbBacW.w77uMi1KzOH,202410,A1BCmizFgwx,124
cPlWFYbBacW.w77uMi1KzOH,202501,GLeVzenn2ab,85
cPlWFYbBacW.w77uMi1KzOH,202412,u5u0Bhybf8f,342
cPlWFYbBacW.w77uMi1KzOH,202409,hgYuumviWXp,366
cPlWFYbBacW.w77uMi1KzOH,202412,JtllB0zMEYx,155
cPlWFYbBacW.w77uMi1KzOH,202501,iGeBkKapn5s,538
cPlWFYbBacW.w77uMi1KzOH,202408,hgYuumviWXp,290
cPlWFYbBacW.w77uMi1KzOH,202410,JtllB0zMEYx,232
cPlWFYbBacW.w77uMi1KzOH,202411,JtllB0zMEYx,209
cPlWFYbBacW.w77uMi1KzOH,202501,rsNtXqATBzF,76
cPlWFYbBacW.w77uMi1KzOH,202409,AitdgAZ8GD5,239
cPlWFYbBacW.w77uMi1KzOH,202408,rsNtXqATBzF,70
cPlWFYbBacW.w77uMi1KzOH,202411,u5u0Bhybf8f,358
cPlWFYbBacW.w77uMi1KzOH,202410,tlqVHieBeZo,105
cPlWFYbBacW.w77uMi1KzOH,202409,rsNtXqATBzF,194
cPlWFYbBacW.w77uMi1KzOH,202501,JQe7pWZBruX,113
cPlWFYbBacW.w77uMi1KzOH,202408,AitdgAZ8GD5,199
cPlWFYbBacW.w77uMi1KzOH,202501,AitdgAZ8GD5,315
cPlWFYbBacW.w77uMi1KzOH,202411,vqZ76KANEWN,700
cPlWFYbBacW.w77uMi1KzOH,202412,tlqVHieBeZo,37
cPlWFYbBacW.w77uMi1KzOH,202411,hcQ7AQpFaRR,146
cPlWFYbBacW.w77uMi1KzOH,202411,PpgMAHSg9Oq,109
cPlWFYbBacW.w77uMi1KzOH,202410,hcQ7AQpFaRR,189
cPlWFYbBacW.w77uMi1KzOH,202410,PpgMAHSg9Oq,159
cPlWFYbBacW.w77uMi1KzOH,202409,TJnBh1U3GEs,367
cPlWFYbBacW.w77uMi1KzOH,202411,tpmeDcmWQWf,175
cPlWFYbBacW.w77uMi1KzOH,202409,d23vOh36Pqw,136
cPlWFYbBacW.w77uMi1KzOH,202412,tpmeDcmWQWf,166
cPlWFYbBacW.w77uMi1KzOH,202411,tlqVHieBeZo,127
cPlWFYbBacW.w77uMi1KzOH,202412,Uzbi7NX6aVo,113
cPlWFYbBacW.w77uMi1KzOH,202410,tpmeDcmWQWf,283
cPlWFYbBacW.w77uMi1KzOH,202408,MnFD3y1T1GX,364
cPlWFYbBacW.w77uMi1KzOH,202410,Uzbi7NX6aVo,61
cPlWFYbBacW.w77uMi1KzOH,202411,Uzbi7NX6aVo,134
cPlWFYbBacW.w77uMi1KzOH,202409,MnFD3y1T1GX,342
cPlWFYbBacW.w77uMi1KzOH,202409,Tw5pHPUbHpB,159
cPlWFYbBacW.w77uMi1KzOH,202408,Tw5pHPUbHpB,114
cPlWFYbBacW.w77uMi1KzOH,202408,d23vOh36Pqw,102
cPlWFYbBacW.w77uMi1KzOH,202411,rc8sxMGpgpq,148
cPlWFYbBacW.w77uMi1KzOH,202410,rc8sxMGpgpq,244
cPlWFYbBacW.w77uMi1KzOH,202412,rc8sxMGpgpq,65
cPlWFYbBacW.w77uMi1KzOH,202409,kH3yXjFQi6C,272
cPlWFYbBacW.w77uMi1KzOH,202501,iuJyZVwqpbD,231
cPlWFYbBacW.w77uMi1KzOH,202408,TJnBh1U3GEs,504
cPlWFYbBacW.w77uMi1KzOH,202408,kH3yXjFQi6C,342
cPlWFYbBacW.w77uMi1KzOH,202501,kH3yXjFQi6C,348
cPlWFYbBacW.w77uMi1KzOH,202412,VuP1KLi79Bn,351
cPlWFYbBacW.w77uMi1KzOH,202408,OcBiVEIEjO7,112
cPlWFYbBacW.w77uMi1KzOH,202410,VuP1KLi79Bn,290
cPlWFYbBacW.w77uMi1KzOH,202410,rsNtXqATBzF,68
cPlWFYbBacW.w77uMi1KzOH,202501,JXcyxGXlL9O,277
cPlWFYbBacW.w77uMi1KzOH,202411,cPDS7MOxcm9,139
cPlWFYbBacW.w77uMi1KzOH,202411,wwBB7XKIgr8,166
cPlWFYbBacW.w77uMi1KzOH,202412,MWcwkURjOjR,168
cPlWFYbBacW.w77uMi1KzOH,202409,JtllB0zMEYx,314
cPlWFYbBacW.w77uMi1KzOH,202410,MWcwkURjOjR,218
cPlWFYbBacW.w77uMi1KzOH,202409,YYQm99dJJ7X,550
cPlWFYbBacW.w77uMi1KzOH,202501,t5FJlG1FrLF,348
cPlWFYbBacW.w77uMi1KzOH,202412,kH3yXjFQi6C,185
cPlWFYbBacW.w77uMi1KzOH,202409,bmKQdaXNX9E,401
cPlWFYbBacW.w77uMi1KzOH,202411,ScUEphF7XrR,161
cPlWFYbBacW.w77uMi1KzOH,202410,kH3yXjFQi6C,211
cPlWFYbBacW.w77uMi1KzOH,202408,rc8sxMGpgpq,246
cPlWFYbBacW.w77uMi1KzOH,202408,rd0gE7FLPsv,100
cPlWFYbBacW.w77uMi1KzOH,202501,Dc490tfhuoe,185
cPlWFYbBacW.w77uMi1KzOH,202411,G4fYKBYErXO,129
cPlWFYbBacW.w77uMi1KzOH,202501,vxKshylcIW5,270
cPlWFYbBacW.w77uMi1KzOH,202408,wwBB7XKIgr8,822
cPlWFYbBacW.w77uMi1KzOH,202409,f6lzICIxrKU,50
cPlWFYbBacW.w77uMi1KzOH,202408,PpgMAHSg9Oq,96
cPlWFYbBacW.w77uMi1KzOH,202410,Y1wbtycY0V8,204
cPlWFYbBacW.w77uMi1KzOH,202501,sukHAdsaboL,126
cPlWFYbBacW.w77uMi1KzOH,202409,hcQ7AQpFaRR,284
cPlWFYbBacW.w77uMi1KzOH,202412,Y1wbtycY0V8,220
cPlWFYbBacW.w77uMi1KzOH,202412,rd0gE7FLPsv,91
cPlWFYbBacW.w77uMi1KzOH,202412,qb3sIWTdr3V,318
cPlWFYbBacW.w77uMi1KzOH,202410,qb3sIWTdr3V,270
cPlWFYbBacW.w77uMi1KzOH,202408,u5u0Bhybf8f,553
cPlWFYbBacW.w77uMi1KzOH,202411,AitdgAZ8GD5,141
cPlWFYbBacW.w77uMi1KzOH,202412,Tw5pHPUbHpB,112
cPlWFYbBacW.w77uMi1KzOH,202410,Tw5pHPUbHpB,160
cPlWFYbBacW.w77uMi1KzOH,202409,ZAIMQkZn08B,387
cPlWFYbBacW.w77uMi1KzOH,202408,cPDS7MOxcm9,142
cPlWFYbBacW.w77uMi1KzOH,202501,ZAIMQkZn08B,322
cPlWFYbBacW.w77uMi1KzOH,202412,bmKQdaXNX9E,206
cPlWFYbBacW.w77uMi1KzOH,202411,IFuOOELukKp,53
cPlWFYbBacW.w77uMi1KzOH,202408,EGS0saGNDoS,246
cPlWFYbBacW.w77uMi1KzOH,202501,n8bwEHCpSB7,286
cPlWFYbBacW.w77uMi1KzOH,202411,iuJyZVwqpbD,89
cPlWFYbBacW.w77uMi1KzOH,202409,LH6lsUoL8YL,637
cPlWFYbBacW.w77uMi1KzOH,202410,JXcyxGXlL9O,213
cPlWFYbBacW.w77uMi1KzOH,202408,G4fYKBYErXO,132
cPlWFYbBacW.w77uMi1KzOH,202411,d23vOh36Pqw,130
cPlWFYbBacW.w77uMi1KzOH,202408,A1BCmizFgwx,71
cPlWFYbBacW.w77uMi1KzOH,202412,MnFD3y1T1GX,188
cPlWFYbBacW.w77uMi1KzOH,202409,KK9ISvjjUvP,390
cPlWFYbBacW.w77uMi1KzOH,202409,Y1wbtycY0V8,201
cPlWFYbBacW.w77uMi1KzOH,202501,vpcUN6fhhfX,220
cPlWFYbBacW.w77uMi1KzOH,202410,f6lzICIxrKU,39
cPlWFYbBacW.w77uMi1KzOH,202412,f6lzICIxrKU,53
cPlWFYbBacW.w77uMi1KzOH,202408,XsRFIn0FhzA,19
cPlWFYbBacW.w77uMi1KzOH,202408,tlqVHieBeZo,34
cPlWFYbBacW.w77uMi1KzOH,202410,kIKjM5pMTat,246
cPlWFYbBacW.w77uMi1KzOH,202501,nuEpF1eboYN,309
cPlWFYbBacW.w77uMi1KzOH,202408,ScUEphF7XrR,158
cPlWFYbBacW.w77uMi1KzOH,202409,vpcUN6fhhfX,330
cPlWFYbBacW.w77uMi1KzOH,202412,rsNtXqATBzF,26
cPlWFYbBacW.w77uMi1KzOH,202411,LWoO0Z47tGZ,197
cPlWFYbBacW.w77uMi1KzOH,202409,UCxj6GArUJd,90
cPlWFYbBacW.w77uMi1KzOH,202410,bmKQdaXNX9E,260
cPlWFYbBacW.w77uMi1KzOH,202412,cwbUa0zHPEN,203
cPlWFYbBacW.w77uMi1KzOH,202409,IFuOOELukKp,81
cPlWFYbBacW.w77uMi1KzOH,202411,cwbUa0zHPEN,130
cPlWFYbBacW.w77uMi1KzOH,202411,PotVOfmjlUJ,146
cPlWFYbBacW.w77uMi1KzOH,202408,sukHAdsaboL,112
cPlWFYbBacW.w77uMi1KzOH,202408,les3bNZfpjr,355
cPlWFYbBacW.w77uMi1KzOH,202411,EGS0saGNDoS,176
cPlWFYbBacW.w77uMi1KzOH,202412,PotVOfmjlUJ,181
cPlWFYbBacW.w77uMi1KzOH,202410,vpcUN6fhhfX,281
cPlWFYbBacW.w77uMi1KzOH,202412,EGS0saGNDoS,272
cPlWFYbBacW.w77uMi1KzOH,202408,d53GHglMyJQ,160
cPlWFYbBacW.w77uMi1KzOH,202409,K8ywGqSdgUL,150
cPlWFYbBacW.w77uMi1KzOH,202501,f6lzICIxrKU,30
cPlWFYbBacW.w77uMi1KzOH,202408,K8ywGqSdgUL,114
cPlWFYbBacW.w77uMi1KzOH,202501,rd0gE7FLPsv,149
cPlWFYbBacW.w77uMi1KzOH,202410,eX0spkg9csY,255
cPlWFYbBacW.w77uMi1KzOH,202410,xGgOmhpqPod,62
cPlWFYbBacW.w77uMi1KzOH,202408,vxKshylcIW5,174
cPlWFYbBacW.w77uMi1KzOH,202411,vpcUN6fhhfX,207
cPlWFYbBacW.w77uMi1KzOH,202501,rc8sxMGpgpq,136
cPlWFYbBacW.w77uMi1KzOH,202410,Hj3XAIel08A,259
cPlWFYbBacW.w77uMi1KzOH,202501,u5u0Bhybf8f,385
cPlWFYbBacW.w77uMi1KzOH,202408,t5FJlG1FrLF,223
cPlWFYbBacW.w77uMi1KzOH,202501,KhOjFDcfVKc,50
cPlWFYbBacW.w77uMi1KzOH,202412,iGeBkKapn5s,301
cPlWFYbBacW.w77uMi1KzOH,202501,qZlDGlfVWm0,672
cPlWFYbBacW.w77uMi1KzOH,202409,G8avY4Gzra8,73
cPlWFYbBacW.w77uMi1KzOH,202409,Dc490tfhuoe,281
cPlWFYbBacW.w77uMi1KzOH,202409,t5FJlG1FrLF,222
cPlWFYbBacW.w77uMi1KzOH,202410,H16bRPpldhI,120
cPlWFYbBacW.w77uMi1KzOH,202409,PotVOfmjlUJ,907
cPlWFYbBacW.w77uMi1KzOH,202412,q7a1TH1APLe,261
cPlWFYbBacW.w77uMi1KzOH,202410,JQe7pWZBruX,80
cPlWFYbBacW.w77uMi1KzOH,202411,JQe7pWZBruX,82
cPlWFYbBacW.w77uMi1KzOH,202408,QkLdiZtukDS,383
cPlWFYbBacW.w77uMi1KzOH,202409,sukHAdsaboL,73
cPlWFYbBacW.w77uMi1KzOH,202409,QkLdiZtukDS,289
cPlWFYbBacW.w77uMi1KzOH,202410,vxKshylcIW5,110
cPlWFYbBacW.w77uMi1KzOH,202411,XsRFIn0FhzA,26
cPlWFYbBacW.w77uMi1KzOH,202501,L9EJeHLBG1b,18
cPlWFYbBacW.w77uMi1KzOH,202411,ih3vU3AXadk,99
cPlWFYbBacW.w77uMi1KzOH,202501,QkLdiZtukDS,221
cPlWFYbBacW.w77uMi1KzOH,202412,XsRFIn0FhzA,12
cPlWFYbBacW.w77uMi1KzOH,202408,GLeVzenn2ab,127
cPlWFYbBacW.w77uMi1KzOH,202411,vxKshylcIW5,143
cPlWFYbBacW.w77uMi1KzOH,202412,K8ywGqSdgUL,67
cPlWFYbBacW.w77uMi1KzOH,202409,L9EJeHLBG1b,72
cPlWFYbBacW.w77uMi1KzOH,202412,Dc490tfhuoe,194
cPlWFYbBacW.w77uMi1KzOH,202410,KK9ISvjjUvP,175
cPlWFYbBacW.w77uMi1KzOH,202408,VuP1KLi79Bn,465
cPlWFYbBacW.w77uMi1KzOH,202411,K8ywGqSdgUL,94
cPlWFYbBacW.w77uMi1KzOH,202412,ih3vU3AXadk,54
cPlWFYbBacW.w77uMi1KzOH,202411,KK9ISvjjUvP,177
cPlWFYbBacW.w77uMi1KzOH,202409,cwbUa0zHPEN,175
cPlWFYbBacW.w77uMi1KzOH,202408,cwbUa0zHPEN,333
cPlWFYbBacW.w77uMi1KzOH,202411,OcBiVEIEjO7,48
cPlWFYbBacW.w77uMi1KzOH,202409,iGeBkKapn5s,347
cPlWFYbBacW.w77uMi1KzOH,202409,VuP1KLi79Bn,576
cPlWFYbBacW.w77uMi1KzOH,202408,L9EJeHLBG1b,93
cPlWFYbBacW.w77uMi1KzOH,202409,q7a1TH1APLe,151
cPlWFYbBacW.w77uMi1KzOH,202501,mSjyGBo4Rqu,273
cPlWFYbBacW.w77uMi1KzOH,202409,KhOjFDcfVKc,22
cPlWFYbBacW.w77uMi1KzOH,202501,HrHLibwIUXR,119
cPlWFYbBacW.w77uMi1KzOH,202408,JQe7pWZBruX,87
cPlWFYbBacW.w77uMi1KzOH,202408,KhOjFDcfVKc,27
cPlWFYbBacW.w77uMi1KzOH,202412,OcBiVEIEjO7,46
cPlWFYbBacW.w77uMi1KzOH,202412,UCxj6GArUJd,20
cPlWFYbBacW.w77uMi1KzOH,202411,YYQm99dJJ7X,320
cPlWFYbBacW.w77uMi1KzOH,202501,d23vOh36Pqw,126
cPlWFYbBacW.w77uMi1KzOH,202410,YYQm99dJJ7X,250
cPlWFYbBacW.w77uMi1KzOH,202501,ZCo6FKCwUZq,760
cPlWFYbBacW.w77uMi1KzOH,202409,rd0gE7FLPsv,33
cPlWFYbBacW.w77uMi1KzOH,202412,e0PROzXHXvb,67
cPlWFYbBacW.w77uMi1KzOH,202410,ZAIMQkZn08B,282
cPlWFYbBacW.w77uMi1KzOH,202412,G8avY4Gzra8,86
cPlWFYbBacW.w77uMi1KzOH,202411,zQJT13CmpDX,59
cPlWFYbBacW.w77uMi1KzOH,202501,VuP1KLi79Bn,517
cPlWFYbBacW.w77uMi1KzOH,202410,ZmTIzgrOjed,371
cPlWFYbBacW.w77uMi1KzOH,202408,wPsUQXK6ynT,200
cPlWFYbBacW.w77uMi1KzOH,202411,ZAIMQkZn08B,289
cPlWFYbBacW.w77uMi1KzOH,202409,iuJyZVwqpbD,113
cPlWFYbBacW.w77uMi1KzOH,202408,JtllB0zMEYx,302
cPlWFYbBacW.w77uMi1KzOH,202412,asspSN9u7oh,253
cPlWFYbBacW.w77uMi1KzOH,202501,eDnVQzkzc3B,70
cPlWFYbBacW.w77uMi1KzOH,202501,tpmeDcmWQWf,293
cPlWFYbBacW.w77uMi1KzOH,202410,wwBB7XKIgr8,126
cPlWFYbBacW.w77uMi1KzOH,202412,LH6lsUoL8YL,378
cPlWFYbBacW.w77uMi1KzOH,202409,OcBiVEIEjO7,68
cPlWFYbBacW.w77uMi1KzOH,202412,cPDS7MOxcm9,216
cPlWFYbBacW.w77uMi1KzOH,202501,aMTxgqDmizK,458
cPlWFYbBacW.w77uMi1KzOH,202501,IFuOOELukKp,105
cPlWFYbBacW.w77uMi1KzOH,202411,VuP1KLi79Bn,191
cPlWFYbBacW.w77uMi1KzOH,202410,allzILkIelH,265
cPlWFYbBacW.w77uMi1KzOH,202501,jZfUpRhqOQC,58
cPlWFYbBacW.w77uMi1KzOH,202410,h1pTdChUk1h,164
cPlWFYbBacW.w77uMi1KzOH,202501,LWoO0Z47tGZ,225
cPlWFYbBacW.w77uMi1KzOH,202408,Ki3E4GNuj27,57
cPlWFYbBacW.w77uMi1KzOH,202408,YYQm99dJJ7X,110
cPlWFYbBacW.w77uMi1KzOH,202411,wmUX4Xf6mHU,21
cPlWFYbBacW.w77uMi1KzOH,202409,rc8sxMGpgpq,253
cPlWFYbBacW.w77uMi1KzOH,202412,ScUEphF7XrR,135
cPlWFYbBacW.w77uMi1KzOH,202501,uGrCgcX6xGk,75
cPlWFYbBacW.w77uMi1KzOH,202408,bmKQdaXNX9E,277
cPlWFYbBacW.w77uMi1KzOH,202411,QkLdiZtukDS,202
cPlWFYbBacW.w77uMi1KzOH,202411,kH3yXjFQi6C,223
cPlWFYbBacW.w77uMi1KzOH,202408,zQJT13CmpDX,24
cPlWFYbBacW.w77uMi1KzOH,202501,PotVOfmjlUJ,328
cPlWFYbBacW.w77uMi1KzOH,202411,L9EJeHLBG1b,169
cPlWFYbBacW.w77uMi1KzOH,202410,G4fYKBYErXO,72
cPlWFYbBacW.w77uMi1KzOH,202501,Qwv7vHBFvMl,163
cPlWFYbBacW.w77uMi1KzOH,202408,f6lzICIxrKU,20
cPlWFYbBacW.w77uMi1KzOH,202501,cwbUa0zHPEN,263
cPlWFYbBacW.w77uMi1KzOH,202412,A4jMayEW5Ak,149
cPlWFYbBacW.w77uMi1KzOH,202408,zVNsz4bH1Yw,21
cPlWFYbBacW.w77uMi1KzOH,202408,hcQ7AQpFaRR,204
cPlWFYbBacW.w77uMi1KzOH,202409,asspSN9u7oh,518
cPlWFYbBacW.w77uMi1KzOH,202409,u5u0Bhybf8f,456
cPlWFYbBacW.w77uMi1KzOH,202409,yFrzItHccVH,169
cPlWFYbBacW.w77uMi1KzOH,202411,KhOjFDcfVKc,20
cPlWFYbBacW.w77uMi1KzOH,202411,rd0gE7FLPsv,142
cPlWFYbBacW.w77uMi1KzOH,202410,AitdgAZ8GD5,76
cPlWFYbBacW.w77uMi1KzOH,202412,EjykHy5VeYP,200
cPlWFYbBacW.w77uMi1KzOH,202408,vgM5avR9tJs,70
cPlWFYbBacW.w77uMi1KzOH,202408,a0qvQ3FrCD8,476
cPlWFYbBacW.w77uMi1KzOH,202501,yFrzItHccVH,97
cPlWFYbBacW.w77uMi1KzOH,202412,uGrCgcX6xGk,96
cPlWFYbBacW.w77uMi1KzOH,202411,zVNsz4bH1Yw,45
cPlWFYbBacW.w77uMi1KzOH,202409,cPDS7MOxcm9,153
cPlWFYbBacW.w77uMi1KzOH,202408,ZAIMQkZn08B,454
cPlWFYbBacW.w77uMi1KzOH,202411,sukHAdsaboL,76
cPlWFYbBacW.w77uMi1KzOH,202412,d23vOh36Pqw,96
cPlWFYbBacW.w77uMi1KzOH,202409,EGS0saGNDoS,152
cPlWFYbBacW.w77uMi1KzOH,202410,wPsUQXK6ynT,34
cPlWFYbBacW.w77uMi1KzOH,202410,d53GHglMyJQ,181
cPlWFYbBacW.w77uMi1KzOH,202412,iuJyZVwqpbD,111
cPlWFYbBacW.w77uMi1KzOH,202408,Lj0cG3leIx7,469
cPlWFYbBacW.w77uMi1KzOH,202409,fGgr17UV6Q6,540
cPlWFYbBacW.w77uMi1KzOH,202411,f6lzICIxrKU,38
cPlWFYbBacW.w77uMi1KzOH,202410,GLeVzenn2ab,86
cPlWFYbBacW.w77uMi1KzOH,202501,ih3vU3AXadk,155
cPlWFYbBacW.w77uMi1KzOH,202501,EGS0saGNDoS,326
cPlWFYbBacW.w77uMi1KzOH,202501,K8ywGqSdgUL,165
cPlWFYbBacW.w77uMi1KzOH,202409,ih3vU3AXadk,172
cPlWFYbBacW.w77uMi1KzOH,202408,KK9ISvjjUvP,273
cPlWFYbBacW.w77uMi1KzOH,202501,OcBiVEIEjO7,69
cPlWFYbBacW.w77uMi1KzOH,202412,IFuOOELukKp,50
cPlWFYbBacW.w77uMi1KzOH,202412,mSjyGBo4Rqu,335
cPlWFYbBacW.w77uMi1KzOH,202411,t5FJlG1FrLF,122
cPlWFYbBacW.w77uMi1KzOH,202501,fGgr17UV6Q6,606
cPlWFYbBacW.w77uMi1KzOH,202409,eDnVQzkzc3B,165
cPlWFYbBacW.w77uMi1KzOH,202408,vpcUN6fhhfX,218
cPlWFYbBacW.w77uMi1KzOH,202409,XsRFIn0FhzA,15
cPlWFYbBacW.w77uMi1KzOH,202412,LWoO0Z47tGZ,108
cPlWFYbBacW.w77uMi1KzOH,202411,rsNtXqATBzF,37
cPlWFYbBacW.w77uMi1KzOH,202409,ScUEphF7XrR,180
cPlWFYbBacW.w77uMi1KzOH,202411,bmKQdaXNX9E,170
cPlWFYbBacW.w77uMi1KzOH,202501,ScUEphF7XrR,187
cPlWFYbBacW.w77uMi1KzOH,202410,ukwgBmzwpbF,90
cPlWFYbBacW.w77uMi1KzOH,202408,vqZ76KANEWN,18
